,user_id,age,gender,occupation,zip,Rand,Dup,Check
0,1,24,M,technician,85711,2,False,24Mtechnician85711
1,2,53,F,other,94043,1,False,53Fother94043
2,3,23,M,writer,32067,1,False,23Mwriter32067
3,4,24,M,technician,43537,1,False,24Mtechnician43537
4,5,33,F,other,15213,1,False,33Fother15213
5,6,42,M,executive,98101,1,False,42Mexecutive98101
6,7,57,M,administrator,91344,1,False,57Madministrator91344
7,8,36,M,administrator,05201,1,False,36Madministrator05201
8,9,29,M,student,01002,1,False,29Mstudent01002
9,10,53,M,lawyer,90703,2,False,53Mlawyer90703
10,11,39,F,other,30329,2,False,39Fother30329
11,12,28,F,other,06405,1,False,28Fother06405
12,13,47,M,educator,29206,1,False,47Meducator29206
13,14,45,M,scientist,55106,1,False,45Mscientist55106
14,15,49,F,educator,97301,2,False,49Feducator97301
15,16,21,M,entertainment,10309,2,False,21Mentertainment10309
16,17,30,M,programmer,06355,1,False,30Mprogrammer06355
17,18,35,F,other,37212,2,False,35Fother37212
18,19,40,M,librarian,02138,1,False,40Mlibrarian02138
19,20,42,F,homemaker,95660,2,False,42Fhomemaker95660
20,21,26,M,writer,30068,1,False,26Mwriter30068
21,22,25,M,writer,40206,1,False,25Mwriter40206
22,23,30,F,artist,48197,2,False,30Fartist48197
23,24,21,F,artist,94533,2,False,21Fartist94533
24,25,39,M,engineer,55107,2,False,39Mengineer55107
25,26,49,M,engineer,21044,2,False,49Mengineer21044
26,27,40,F,librarian,30030,2,False,40Flibrarian30030
27,28,32,M,writer,55369,1,False,32Mwriter55369
28,29,41,M,programmer,94043,1,False,41Mprogrammer94043
29,30,7,M,student,55436,1,False,7Mstudent55436
30,31,24,M,artist,10003,1,False,24Martist10003
31,32,28,F,student,78741,1,False,28Fstudent78741
32,33,23,M,student,27510,2,False,23Mstudent27510
33,34,38,F,administrator,42141,1,False,38Fadministrator42141
34,35,20,F,homemaker,42459,1,False,20Fhomemaker42459
35,36,19,F,student,93117,2,False,19Fstudent93117
36,37,23,M,student,55105,1,False,23Mstudent55105
37,38,28,F,other,54467,2,False,28Fother54467
38,39,41,M,entertainment,01040,1,False,41Mentertainment01040
39,40,38,M,scientist,27514,1,False,38Mscientist27514
40,41,33,M,engineer,80525,2,False,33Mengineer80525
41,42,30,M,administrator,17870,1,False,30Madministrator17870
42,43,29,F,librarian,20854,1,False,29Flibrarian20854
43,44,26,M,technician,46260,1,False,26Mtechnician46260
44,45,29,M,programmer,50233,2,False,29Mprogrammer50233
45,46,27,F,marketing,46538,1,False,27Fmarketing46538
46,47,53,M,marketing,07102,1,False,53Mmarketing07102
47,48,45,M,administrator,12550,2,False,45Madministrator12550
48,49,23,F,student,76111,2,False,23Fstudent76111
49,50,21,M,writer,52245,2,False,21Mwriter52245
50,51,28,M,educator,16509,2,False,28Meducator16509
51,52,18,F,student,55105,2,False,18Fstudent55105
52,53,26,M,programmer,55414,2,False,26Mprogrammer55414
53,54,22,M,executive,66315,1,False,22Mexecutive66315
54,55,37,M,programmer,01331,2,False,37Mprogrammer01331
55,56,25,M,librarian,46260,2,False,25Mlibrarian46260
56,57,16,M,none,84010,1,False,16Mnone84010
57,58,27,M,programmer,52246,1,False,27Mprogrammer52246
58,59,49,M,educator,08403,2,False,49Meducator08403
59,60,50,M,healthcare,06472,2,False,50Mhealthcare06472
60,61,36,M,engineer,30040,2,False,36Mengineer30040
61,62,27,F,administrator,97214,2,False,27Fadministrator97214
62,63,31,M,marketing,75240,1,False,31Mmarketing75240
63,64,32,M,educator,43202,2,False,32Meducator43202
64,65,51,F,educator,48118,1,False,51Feducator48118
65,66,23,M,student,80521,1,False,23Mstudent80521
66,67,17,M,student,60402,2,False,17Mstudent60402
67,68,19,M,student,22904,1,False,19Mstudent22904
68,69,24,M,engineer,55337,1,False,24Mengineer55337
69,70,27,M,engineer,60067,1,False,27Mengineer60067
70,71,39,M,scientist,98034,1,False,39Mscientist98034
71,72,48,F,administrator,73034,2,False,48Fadministrator73034
72,73,24,M,student,41850,2,False,24Mstudent41850
73,74,39,M,scientist,T8H1N,2,False,39MscientistT8H1N
74,75,24,M,entertainment,08816,1,False,24Mentertainment08816
75,76,20,M,student,02215,2,False,20Mstudent02215
76,77,30,M,technician,29379,1,False,30Mtechnician29379
77,78,26,M,administrator,61801,2,False,26Madministrator61801
78,79,39,F,administrator,03755,2,False,39Fadministrator03755
79,80,34,F,administrator,52241,1,False,34Fadministrator52241
80,81,21,M,student,21218,1,False,21Mstudent21218
81,82,50,M,programmer,22902,1,False,50Mprogrammer22902
82,83,40,M,other,44133,2,False,40Mother44133
83,84,32,M,executive,55369,1,False,32Mexecutive55369
84,85,51,M,educator,20003,2,False,51Meducator20003
85,86,26,M,administrator,46005,1,False,26Madministrator46005
86,87,47,M,administrator,89503,2,False,47Madministrator89503
87,88,49,F,librarian,11701,2,False,49Flibrarian11701
88,89,43,F,administrator,68106,1,False,43Fadministrator68106
89,90,60,M,educator,78155,2,False,60Meducator78155
90,91,55,M,marketing,01913,2,False,55Mmarketing01913
91,92,32,M,entertainment,80525,1,False,32Mentertainment80525
92,93,48,M,executive,23112,2,False,48Mexecutive23112
93,94,26,M,student,71457,1,False,26Mstudent71457
94,95,31,M,administrator,10707,2,False,31Madministrator10707
95,96,25,F,artist,75206,1,False,25Fartist75206
96,97,43,M,artist,98006,1,False,43Martist98006
97,98,49,F,executive,90291,1,False,49Fexecutive90291
98,99,20,M,student,63129,2,False,20Mstudent63129
99,100,36,M,executive,90254,1,False,36Mexecutive90254
100,101,15,M,student,05146,2,False,15Mstudent05146
101,102,38,M,programmer,30220,1,False,38Mprogrammer30220
102,103,26,M,student,55108,2,False,26Mstudent55108
103,104,27,M,student,55108,1,False,27Mstudent55108
104,105,24,M,engineer,94043,2,False,24Mengineer94043
105,106,61,M,retired,55125,1,False,61Mretired55125
106,107,39,M,scientist,60466,2,False,39Mscientist60466
107,108,44,M,educator,63130,2,False,44Meducator63130
108,109,29,M,other,55423,1,False,29Mother55423
109,110,19,M,student,77840,1,False,19Mstudent77840
110,111,57,M,engineer,90630,1,False,57Mengineer90630
111,112,30,M,salesman,60613,1,False,30Msalesman60613
112,113,47,M,executive,95032,2,False,47Mexecutive95032
113,114,27,M,programmer,75013,1,False,27Mprogrammer75013
114,115,31,M,engineer,17110,1,False,31Mengineer17110
115,116,40,M,healthcare,97232,2,False,40Mhealthcare97232
116,117,20,M,student,16125,2,False,20Mstudent16125
117,118,21,M,administrator,90210,2,False,21Madministrator90210
118,119,32,M,programmer,67401,1,False,32Mprogrammer67401
119,120,47,F,other,06260,1,False,47Fother06260
120,121,54,M,librarian,99603,2,False,54Mlibrarian99603
121,122,32,F,writer,22206,1,False,32Fwriter22206
122,123,48,F,artist,20008,2,False,48Fartist20008
123,124,34,M,student,60615,1,False,34Mstudent60615
124,125,30,M,lawyer,22202,1,False,30Mlawyer22202
125,126,28,F,lawyer,20015,2,False,28Flawyer20015
126,127,33,M,none,73439,1,False,33Mnone73439
127,128,24,F,marketing,20009,1,False,24Fmarketing20009
128,129,36,F,marketing,07039,2,False,36Fmarketing07039
129,130,20,M,none,60115,2,False,20Mnone60115
130,131,59,F,administrator,15237,1,False,59Fadministrator15237
131,132,24,M,other,94612,2,False,24Mother94612
132,133,53,M,engineer,78602,1,False,53Mengineer78602
133,134,31,M,programmer,80236,2,False,31Mprogrammer80236
134,135,23,M,student,38401,1,False,23Mstudent38401
135,136,51,M,other,97365,1,False,51Mother97365
136,137,50,M,educator,84408,1,False,50Meducator84408
137,138,46,M,doctor,53211,2,False,46Mdoctor53211
138,139,20,M,student,08904,1,False,20Mstudent08904
139,140,30,F,student,32250,2,False,30Fstudent32250
140,141,49,M,programmer,36117,2,False,49Mprogrammer36117
141,142,13,M,other,48118,2,False,13Mother48118
142,143,42,M,technician,08832,2,False,42Mtechnician08832
143,144,53,M,programmer,20910,1,False,53Mprogrammer20910
144,145,31,M,entertainment,V3N4P,1,False,31MentertainmentV3N4P
145,146,45,M,artist,83814,1,False,45Martist83814
146,147,40,F,librarian,02143,2,False,40Flibrarian02143
147,148,33,M,engineer,97006,1,False,33Mengineer97006
148,149,35,F,marketing,17325,1,False,35Fmarketing17325
149,150,20,F,artist,02139,2,False,20Fartist02139
150,151,38,F,administrator,48103,1,False,38Fadministrator48103
151,152,33,F,educator,68767,1,False,33Feducator68767
152,153,25,M,student,60641,2,False,25Mstudent60641
153,154,25,M,student,53703,2,False,25Mstudent53703
154,155,32,F,other,11217,2,False,32Fother11217
155,156,25,M,educator,08360,1,False,25Meducator08360
156,157,57,M,engineer,70808,2,False,57Mengineer70808
157,158,50,M,educator,27606,2,False,50Meducator27606
158,159,23,F,student,55346,1,False,23Fstudent55346
159,160,27,M,programmer,66215,2,False,27Mprogrammer66215
160,161,50,M,lawyer,55104,2,False,50Mlawyer55104
161,162,25,M,artist,15610,1,False,25Martist15610
162,163,49,M,administrator,97212,2,False,49Madministrator97212
163,164,47,M,healthcare,80123,2,False,47Mhealthcare80123
164,165,20,F,other,53715,2,False,20Fother53715
165,166,47,M,educator,55113,2,False,47Meducator55113
166,167,37,M,other,L9G2B,1,False,37MotherL9G2B
167,168,48,M,other,80127,1,False,48Mother80127
168,169,52,F,other,53705,1,False,52Fother53705
169,170,53,F,healthcare,30067,2,False,53Fhealthcare30067
170,171,48,F,educator,78750,1,False,48Feducator78750
171,172,55,M,marketing,22207,1,False,55Mmarketing22207
172,173,56,M,other,22306,2,False,56Mother22306
173,174,30,F,administrator,52302,1,False,30Fadministrator52302
174,175,26,F,scientist,21911,1,False,26Fscientist21911
175,176,28,M,scientist,07030,2,False,28Mscientist07030
176,177,20,M,programmer,19104,2,False,20Mprogrammer19104
177,178,26,M,other,49512,2,False,26Mother49512
178,179,15,M,entertainment,20755,1,False,15Mentertainment20755
179,180,22,F,administrator,60202,1,False,22Fadministrator60202
180,181,26,M,executive,21218,1,False,26Mexecutive21218
181,182,36,M,programmer,33884,2,False,36Mprogrammer33884
182,183,33,M,scientist,27708,1,False,33Mscientist27708
183,184,37,M,librarian,76013,2,False,37Mlibrarian76013
184,185,53,F,librarian,97403,1,False,53Flibrarian97403
185,186,39,F,executive,00000,1,False,39Fexecutive00000
186,187,26,M,educator,16801,1,False,26Meducator16801
187,188,42,M,student,29440,1,False,42Mstudent29440
188,189,32,M,artist,95014,2,False,32Martist95014
189,190,30,M,administrator,95938,2,False,30Madministrator95938
190,191,33,M,administrator,95161,1,False,33Madministrator95161
191,192,42,M,educator,90840,1,False,42Meducator90840
192,193,29,M,student,49931,1,False,29Mstudent49931
193,194,38,M,administrator,02154,1,False,38Madministrator02154
194,195,42,M,scientist,93555,2,False,42Mscientist93555
195,196,49,M,writer,55105,1,False,49Mwriter55105
196,197,55,M,technician,75094,1,False,55Mtechnician75094
197,198,21,F,student,55414,1,False,21Fstudent55414
198,199,30,M,writer,17604,1,False,30Mwriter17604
199,200,40,M,programmer,93402,1,False,40Mprogrammer93402
200,201,27,M,writer,E2A4H,1,False,27MwriterE2A4H
201,202,41,F,educator,60201,2,False,41Feducator60201
202,203,25,F,student,32301,2,False,25Fstudent32301
203,204,52,F,librarian,10960,2,False,52Flibrarian10960
204,205,47,M,lawyer,06371,2,False,47Mlawyer06371
205,206,14,F,student,53115,2,False,14Fstudent53115
206,207,39,M,marketing,92037,2,False,39Mmarketing92037
207,208,43,M,engineer,01720,2,False,43Mengineer01720
208,209,33,F,educator,85710,2,False,33Feducator85710
209,210,39,M,engineer,03060,2,False,39Mengineer03060
210,211,66,M,salesman,32605,2,False,66Msalesman32605
211,212,49,F,educator,61401,2,False,49Feducator61401
212,213,33,M,executive,55345,1,False,33Mexecutive55345
213,214,26,F,librarian,11231,2,False,26Flibrarian11231
214,215,35,M,programmer,63033,1,False,35Mprogrammer63033
215,216,22,M,engineer,02215,1,False,22Mengineer02215
216,217,22,M,other,11727,2,False,22Mother11727
217,218,37,M,administrator,06513,2,False,37Madministrator06513
218,219,32,M,programmer,43212,2,False,32Mprogrammer43212
219,220,30,M,librarian,78205,1,False,30Mlibrarian78205
220,221,19,M,student,20685,1,False,19Mstudent20685
221,222,29,M,programmer,27502,1,False,29Mprogrammer27502
222,223,19,F,student,47906,2,False,19Fstudent47906
223,224,31,F,educator,43512,2,False,31Feducator43512
224,225,51,F,administrator,58202,2,False,51Fadministrator58202
225,226,28,M,student,92103,1,False,28Mstudent92103
226,227,46,M,executive,60659,2,False,46Mexecutive60659
227,228,21,F,student,22003,1,False,21Fstudent22003
228,229,29,F,librarian,22903,1,False,29Flibrarian22903
229,230,28,F,student,14476,2,False,28Fstudent14476
230,231,48,M,librarian,01080,1,False,48Mlibrarian01080
231,232,45,M,scientist,99709,2,False,45Mscientist99709
232,233,38,M,engineer,98682,2,False,38Mengineer98682
233,234,60,M,retired,94702,2,False,60Mretired94702
234,235,37,M,educator,22973,1,False,37Meducator22973
235,236,44,F,writer,53214,2,False,44Fwriter53214
236,237,49,M,administrator,63146,2,False,49Madministrator63146
237,238,42,F,administrator,44124,2,False,42Fadministrator44124
238,239,39,M,artist,95628,1,False,39Martist95628
239,240,23,F,educator,20784,1,False,23Feducator20784
240,241,26,F,student,20001,2,False,26Fstudent20001
241,242,33,M,educator,31404,1,False,33Meducator31404
242,243,33,M,educator,60201,1,False,33Meducator60201
243,244,28,M,technician,80525,2,False,28Mtechnician80525
244,245,22,M,student,55109,1,False,22Mstudent55109
245,246,19,M,student,28734,1,False,19Mstudent28734
246,247,28,M,engineer,20770,1,False,28Mengineer20770
247,248,25,M,student,37235,2,False,25Mstudent37235
248,249,25,M,student,84103,1,False,25Mstudent84103
249,250,29,M,executive,95110,1,False,29Mexecutive95110
250,251,28,M,doctor,85032,2,False,28Mdoctor85032
251,252,42,M,engineer,07733,1,False,42Mengineer07733
252,253,26,F,librarian,22903,1,False,26Flibrarian22903
253,254,44,M,educator,42647,2,False,44Meducator42647
254,255,23,M,entertainment,07029,1,False,23Mentertainment07029
255,256,35,F,none,39042,1,False,35Fnone39042
256,257,17,M,student,77005,1,False,17Mstudent77005
257,258,19,F,student,77801,2,False,19Fstudent77801
258,259,21,M,student,48823,2,False,21Mstudent48823
259,260,40,F,artist,89801,2,False,40Fartist89801
260,261,28,M,administrator,85202,1,False,28Madministrator85202
261,262,19,F,student,78264,2,False,19Fstudent78264
262,263,41,M,programmer,55346,1,False,41Mprogrammer55346
263,264,36,F,writer,90064,1,False,36Fwriter90064
264,265,26,M,executive,84601,2,False,26Mexecutive84601
265,266,62,F,administrator,78756,2,False,62Fadministrator78756
266,267,23,M,engineer,83716,2,False,23Mengineer83716
267,268,24,M,engineer,19422,1,False,24Mengineer19422
268,269,31,F,librarian,43201,1,False,31Flibrarian43201
269,270,18,F,student,63119,1,False,18Fstudent63119
270,271,51,M,engineer,22932,2,False,51Mengineer22932
271,272,33,M,scientist,53706,2,False,33Mscientist53706
272,273,50,F,other,10016,2,False,50Fother10016
273,274,20,F,student,55414,1,False,20Fstudent55414
274,275,38,M,engineer,92064,2,False,38Mengineer92064
275,276,21,M,student,95064,1,False,21Mstudent95064
276,277,35,F,administrator,55406,1,False,35Fadministrator55406
277,278,37,F,librarian,30033,1,False,37Flibrarian30033
278,279,33,M,programmer,85251,2,False,33Mprogrammer85251
279,280,30,F,librarian,22903,2,False,30Flibrarian22903
280,281,15,F,student,06059,2,False,15Fstudent06059
281,282,22,M,administrator,20057,2,False,22Madministrator20057
282,283,28,M,programmer,55305,2,False,28Mprogrammer55305
283,284,40,M,executive,92629,1,False,40Mexecutive92629
284,285,25,M,programmer,53713,2,False,25Mprogrammer53713
285,286,27,M,student,15217,1,False,27Mstudent15217
286,287,21,M,salesman,31211,2,False,21Msalesman31211
287,288,34,M,marketing,23226,2,False,34Mmarketing23226
288,289,11,M,none,94619,1,False,11Mnone94619
289,290,40,M,engineer,93550,1,False,40Mengineer93550
290,291,19,M,student,44106,1,False,19Mstudent44106
291,292,35,F,programmer,94703,2,False,35Fprogrammer94703
292,293,24,M,writer,60804,2,False,24Mwriter60804
293,294,34,M,technician,92110,1,False,34Mtechnician92110
294,295,31,M,educator,50325,2,False,31Meducator50325
295,296,43,F,administrator,16803,2,False,43Fadministrator16803
296,297,29,F,educator,98103,1,False,29Feducator98103
297,298,44,M,executive,01581,1,False,44Mexecutive01581
298,299,29,M,doctor,63108,2,False,29Mdoctor63108
299,300,26,F,programmer,55106,2,False,26Fprogrammer55106
300,301,24,M,student,55439,2,False,24Mstudent55439
301,302,42,M,educator,77904,2,False,42Meducator77904
302,303,19,M,student,14853,2,False,19Mstudent14853
303,304,22,F,student,71701,2,False,22Fstudent71701
304,305,23,M,programmer,94086,1,False,23Mprogrammer94086
305,306,45,M,other,73132,2,False,45Mother73132
306,307,25,M,student,55454,1,False,25Mstudent55454
307,308,60,M,retired,95076,2,False,60Mretired95076
308,309,40,M,scientist,70802,2,False,40Mscientist70802
309,310,37,M,educator,91711,2,False,37Meducator91711
310,311,32,M,technician,73071,2,False,32Mtechnician73071
311,312,48,M,other,02110,2,False,48Mother02110
312,313,41,M,marketing,60035,2,False,41Mmarketing60035
313,314,20,F,student,08043,1,False,20Fstudent08043
314,315,31,M,educator,18301,1,False,31Meducator18301
315,316,43,F,other,77009,1,False,43Fother77009
316,317,22,M,administrator,13210,2,False,22Madministrator13210
317,318,65,M,retired,06518,1,False,65Mretired06518
318,319,38,M,programmer,22030,1,False,38Mprogrammer22030
319,320,19,M,student,24060,2,False,19Mstudent24060
320,321,49,F,educator,55413,2,False,49Feducator55413
321,322,20,M,student,50613,1,False,20Mstudent50613
322,323,21,M,student,19149,1,False,21Mstudent19149
323,324,21,F,student,02176,1,False,21Fstudent02176
324,325,48,M,technician,02139,1,False,48Mtechnician02139
325,326,41,M,administrator,15235,2,False,41Madministrator15235
326,327,22,M,student,11101,2,False,22Mstudent11101
327,328,51,M,administrator,06779,2,False,51Madministrator06779
328,329,48,M,educator,01720,2,False,48Meducator01720
329,330,35,F,educator,33884,1,False,35Feducator33884
330,331,33,M,entertainment,91344,2,False,33Mentertainment91344
331,332,20,M,student,40504,1,False,20Mstudent40504
332,333,47,M,other,V0R2M,2,False,47MotherV0R2M
333,334,32,M,librarian,30002,1,False,32Mlibrarian30002
334,335,45,M,executive,33775,1,False,45Mexecutive33775
335,336,23,M,salesman,42101,1,False,23Msalesman42101
336,337,37,M,scientist,10522,2,False,37Mscientist10522
337,338,39,F,librarian,59717,1,False,39Flibrarian59717
338,339,35,M,lawyer,37901,1,False,35Mlawyer37901
339,340,46,M,engineer,80123,2,False,46Mengineer80123
340,341,17,F,student,44405,1,False,17Fstudent44405
341,342,25,F,other,98006,1,False,25Fother98006
342,343,43,M,engineer,30093,2,False,43Mengineer30093
343,344,30,F,librarian,94117,1,False,30Flibrarian94117
344,345,28,F,librarian,94143,2,False,28Flibrarian94143
345,346,34,M,other,76059,2,False,34Mother76059
346,347,18,M,student,90210,1,False,18Mstudent90210
347,348,24,F,student,45660,1,False,24Fstudent45660
348,349,68,M,retired,61455,2,False,68Mretired61455
349,350,32,M,student,97301,2,False,32Mstudent97301
350,351,61,M,educator,49938,2,False,61Meducator49938
351,352,37,F,programmer,55105,1,False,37Fprogrammer55105
352,353,25,M,scientist,28480,1,False,25Mscientist28480
353,354,29,F,librarian,48197,2,False,29Flibrarian48197
354,355,25,M,student,60135,2,False,25Mstudent60135
355,356,32,F,homemaker,92688,1,False,32Fhomemaker92688
356,357,26,M,executive,98133,1,False,26Mexecutive98133
357,358,40,M,educator,10022,2,False,40Meducator10022
358,359,22,M,student,61801,1,False,22Mstudent61801
359,360,51,M,other,98027,2,False,51Mother98027
360,361,22,M,student,44074,1,False,22Mstudent44074
361,362,35,F,homemaker,85233,2,False,35Fhomemaker85233
362,363,20,M,student,87501,2,False,20Mstudent87501
363,364,63,M,engineer,01810,2,False,63Mengineer01810
364,365,29,M,lawyer,20009,2,False,29Mlawyer20009
365,366,20,F,student,50670,2,False,20Fstudent50670
366,367,17,M,student,37411,1,False,17Mstudent37411
367,368,18,M,student,92113,1,False,18Mstudent92113
368,369,24,M,student,91335,1,False,24Mstudent91335
369,370,52,M,writer,08534,2,False,52Mwriter08534
370,371,36,M,engineer,99206,2,False,36Mengineer99206
371,372,25,F,student,66046,2,False,25Fstudent66046
372,373,24,F,other,55116,1,False,24Fother55116
373,374,36,M,executive,78746,1,False,36Mexecutive78746
374,375,17,M,entertainment,37777,2,False,17Mentertainment37777
375,376,28,F,other,10010,1,False,28Fother10010
376,377,22,M,student,18015,1,False,22Mstudent18015
377,378,35,M,student,02859,1,False,35Mstudent02859
378,379,44,M,programmer,98117,2,False,44Mprogrammer98117
379,380,32,M,engineer,55117,2,False,32Mengineer55117
380,381,33,M,artist,94608,1,False,33Martist94608
381,382,45,M,engineer,01824,1,False,45Mengineer01824
382,383,42,M,administrator,75204,2,False,42Madministrator75204
383,384,52,M,programmer,45218,2,False,52Mprogrammer45218
384,385,36,M,writer,10003,2,False,36Mwriter10003
385,386,36,M,salesman,43221,2,False,36Msalesman43221
386,387,33,M,entertainment,37412,1,False,33Mentertainment37412
387,388,31,M,other,36106,2,False,31Mother36106
388,389,44,F,writer,83702,2,False,44Fwriter83702
389,390,42,F,writer,85016,2,False,42Fwriter85016
390,391,23,M,student,84604,2,False,23Mstudent84604
391,392,52,M,writer,59801,2,False,52Mwriter59801
392,393,19,M,student,83686,1,False,19Mstudent83686
393,394,25,M,administrator,96819,2,False,25Madministrator96819
394,395,43,M,other,44092,2,False,43Mother44092
395,396,57,M,engineer,94551,1,False,57Mengineer94551
396,397,17,M,student,27514,1,False,17Mstudent27514
397,398,40,M,other,60008,1,False,40Mother60008
398,399,25,M,other,92374,1,False,25Mother92374
399,400,33,F,administrator,78213,1,False,33Fadministrator78213
400,401,46,F,healthcare,84107,2,False,46Fhealthcare84107
401,402,30,M,engineer,95129,1,False,30Mengineer95129
402,403,37,M,other,06811,2,False,37Mother06811
403,404,29,F,programmer,55108,2,False,29Fprogrammer55108
404,405,22,F,healthcare,10019,2,False,22Fhealthcare10019
405,406,52,M,educator,93109,1,False,52Meducator93109
406,407,29,M,engineer,03261,1,False,29Mengineer03261
407,408,23,M,student,61755,2,False,23Mstudent61755
408,409,48,M,administrator,98225,1,False,48Madministrator98225
409,410,30,F,artist,94025,2,False,30Fartist94025
410,411,34,M,educator,44691,2,False,34Meducator44691
411,412,25,M,educator,15222,2,False,25Meducator15222
412,413,55,M,educator,78212,2,False,55Meducator78212
413,414,24,M,programmer,38115,2,False,24Mprogrammer38115
414,415,39,M,educator,85711,1,False,39Meducator85711
415,416,20,F,student,92626,1,False,20Fstudent92626
416,417,27,F,other,48103,1,False,27Fother48103
417,418,55,F,none,21206,1,False,55Fnone21206
418,419,37,M,lawyer,43215,1,False,37Mlawyer43215
419,420,53,M,educator,02140,1,False,53Meducator02140
420,421,38,F,programmer,55105,1,False,38Fprogrammer55105
421,422,26,M,entertainment,94533,2,False,26Mentertainment94533
422,423,64,M,other,91606,2,False,64Mother91606
423,424,36,F,marketing,55422,1,False,36Fmarketing55422
424,425,19,M,student,58644,2,False,19Mstudent58644
425,426,55,M,educator,01602,1,False,55Meducator01602
426,427,51,M,doctor,85258,1,False,51Mdoctor85258
427,428,28,M,student,55414,1,False,28Mstudent55414
428,429,27,M,student,29205,2,False,27Mstudent29205
429,430,38,M,scientist,98199,2,False,38Mscientist98199
430,431,24,M,marketing,92629,2,False,24Mmarketing92629
431,432,22,M,entertainment,50311,1,False,22Mentertainment50311
432,433,27,M,artist,11211,2,False,27Martist11211
433,434,16,F,student,49705,1,False,16Fstudent49705
434,435,24,M,engineer,60007,2,False,24Mengineer60007
435,436,30,F,administrator,17345,2,False,30Fadministrator17345
436,437,27,F,other,20009,2,False,27Fother20009
437,438,51,F,administrator,43204,1,False,51Fadministrator43204
438,439,23,F,administrator,20817,2,False,23Fadministrator20817
439,440,30,M,other,48076,2,False,30Mother48076
440,441,50,M,technician,55013,2,False,50Mtechnician55013
441,442,22,M,student,85282,1,False,22Mstudent85282
442,443,35,M,salesman,33308,2,False,35Msalesman33308
443,444,51,F,lawyer,53202,1,False,51Flawyer53202
444,445,21,M,writer,92653,2,False,21Mwriter92653
445,446,57,M,educator,60201,1,False,57Meducator60201
446,447,30,M,administrator,55113,1,False,30Madministrator55113
447,448,23,M,entertainment,10021,1,False,23Mentertainment10021
448,449,23,M,librarian,55021,2,False,23Mlibrarian55021
449,450,35,F,educator,11758,2,False,35Feducator11758
450,451,16,M,student,48446,1,False,16Mstudent48446
451,452,35,M,administrator,28018,2,False,35Madministrator28018
452,453,18,M,student,06333,2,False,18Mstudent06333
453,454,57,M,other,97330,2,False,57Mother97330
454,455,48,M,administrator,83709,1,False,48Madministrator83709
455,456,24,M,technician,31820,2,False,24Mtechnician31820
456,457,33,F,salesman,30011,2,False,33Fsalesman30011
457,458,47,M,technician,Y1A6B,2,False,47MtechnicianY1A6B
458,459,22,M,student,29201,1,False,22Mstudent29201
459,460,44,F,other,60630,1,False,44Fother60630
460,461,15,M,student,98102,2,False,15Mstudent98102
461,462,19,F,student,02918,2,False,19Fstudent02918
462,463,48,F,healthcare,75218,2,False,48Fhealthcare75218
463,464,60,M,writer,94583,1,False,60Mwriter94583
464,465,32,M,other,05001,2,False,32Mother05001
465,466,22,M,student,90804,2,False,22Mstudent90804
466,467,29,M,engineer,91201,2,False,29Mengineer91201
467,468,28,M,engineer,02341,1,False,28Mengineer02341
468,469,60,M,educator,78628,1,False,60Meducator78628
469,470,24,M,programmer,10021,1,False,24Mprogrammer10021
470,471,10,M,student,77459,1,False,10Mstudent77459
471,472,24,M,student,87544,1,False,24Mstudent87544
472,473,29,M,student,94708,1,False,29Mstudent94708
473,474,51,M,executive,93711,2,False,51Mexecutive93711
474,475,30,M,programmer,75230,1,False,30Mprogrammer75230
475,476,28,M,student,60440,2,False,28Mstudent60440
476,477,23,F,student,02125,2,False,23Fstudent02125
477,478,29,M,other,10019,1,False,29Mother10019
478,479,30,M,educator,55409,1,False,30Meducator55409
479,480,57,M,retired,98257,2,False,57Mretired98257
480,481,73,M,retired,37771,1,False,73Mretired37771
481,482,18,F,student,40256,1,False,18Fstudent40256
482,483,29,M,scientist,43212,2,False,29Mscientist43212
483,484,27,M,student,21208,1,False,27Mstudent21208
484,485,44,F,educator,95821,1,False,44Feducator95821
485,486,39,M,educator,93101,1,False,39Meducator93101
486,487,22,M,engineer,92121,1,False,22Mengineer92121
487,488,48,M,technician,21012,1,False,48Mtechnician21012
488,489,55,M,other,45218,1,False,55Mother45218
489,490,29,F,artist,V5A2B,1,False,29FartistV5A2B
490,491,43,F,writer,53711,1,False,43Fwriter53711
491,492,57,M,educator,94618,2,False,57Meducator94618
492,493,22,M,engineer,60090,1,False,22Mengineer60090
493,494,38,F,administrator,49428,1,False,38Fadministrator49428
494,495,29,M,engineer,03052,2,False,29Mengineer03052
495,496,21,F,student,55414,2,True,21Fstudent55414
496,497,20,M,student,50112,1,False,20Mstudent50112
497,498,26,M,writer,55408,1,False,26Mwriter55408
498,499,42,M,programmer,75006,1,False,42Mprogrammer75006
499,500,28,M,administrator,94305,1,False,28Madministrator94305
500,501,22,M,student,10025,1,False,22Mstudent10025
501,502,22,M,student,23092,2,False,22Mstudent23092
502,503,50,F,writer,27514,1,False,50Fwriter27514
503,504,40,F,writer,92115,2,False,40Fwriter92115
504,505,27,F,other,20657,1,False,27Fother20657
505,506,46,M,programmer,03869,2,False,46Mprogrammer03869
506,507,18,F,writer,28450,2,False,18Fwriter28450
507,508,27,M,marketing,19382,1,False,27Mmarketing19382
508,509,23,M,administrator,10011,1,False,23Madministrator10011
509,510,34,M,other,98038,1,False,34Mother98038
510,511,22,M,student,21250,1,False,22Mstudent21250
511,512,29,M,other,20090,1,False,29Mother20090
512,513,43,M,administrator,26241,1,False,43Madministrator26241
513,514,27,M,programmer,20707,2,False,27Mprogrammer20707
514,515,53,M,marketing,49508,2,False,53Mmarketing49508
515,516,53,F,librarian,10021,2,False,53Flibrarian10021
516,517,24,M,student,55454,2,False,24Mstudent55454
517,518,49,F,writer,99709,2,False,49Fwriter99709
518,519,22,M,other,55320,1,False,22Mother55320
519,520,62,M,healthcare,12603,2,False,62Mhealthcare12603
520,521,19,M,student,02146,1,False,19Mstudent02146
521,522,36,M,engineer,55443,2,False,36Mengineer55443
522,523,50,F,administrator,04102,1,False,50Fadministrator04102
523,524,56,M,educator,02159,1,False,56Meducator02159
524,525,27,F,administrator,19711,2,False,27Fadministrator19711
525,526,30,M,marketing,97124,1,False,30Mmarketing97124
526,527,33,M,librarian,12180,2,False,33Mlibrarian12180
527,528,18,M,student,55104,2,False,18Mstudent55104
528,529,47,F,administrator,44224,2,False,47Fadministrator44224
529,530,29,M,engineer,94040,2,False,29Mengineer94040
530,531,30,F,salesman,97408,2,False,30Fsalesman97408
531,532,20,M,student,92705,1,False,20Mstudent92705
532,533,43,M,librarian,02324,2,False,43Mlibrarian02324
533,534,20,M,student,05464,2,False,20Mstudent05464
534,535,45,F,educator,80302,1,False,45Feducator80302
535,536,38,M,engineer,30078,1,False,38Mengineer30078
536,537,36,M,engineer,22902,2,False,36Mengineer22902
537,538,31,M,scientist,21010,2,False,31Mscientist21010
538,539,53,F,administrator,80303,1,False,53Fadministrator80303
539,540,28,M,engineer,91201,2,False,28Mengineer91201
540,541,19,F,student,84302,1,False,19Fstudent84302
541,542,21,M,student,60515,1,False,21Mstudent60515
542,543,33,M,scientist,95123,2,False,33Mscientist95123
543,544,44,F,other,29464,1,False,44Fother29464
544,545,27,M,technician,08052,2,False,27Mtechnician08052
545,546,36,M,executive,22911,1,False,36Mexecutive22911
546,547,50,M,educator,14534,1,False,50Meducator14534
547,548,51,M,writer,95468,2,False,51Mwriter95468
548,549,42,M,scientist,45680,1,False,42Mscientist45680
549,550,16,F,student,95453,2,False,16Fstudent95453
550,551,25,M,programmer,55414,2,False,25Mprogrammer55414
551,552,45,M,other,68147,2,False,45Mother68147
552,553,58,M,educator,62901,2,False,58Meducator62901
553,554,32,M,scientist,62901,2,False,32Mscientist62901
554,555,29,F,educator,23227,1,False,29Feducator23227
555,556,35,F,educator,30606,2,False,35Feducator30606
556,557,30,F,writer,11217,1,False,30Fwriter11217
557,558,56,F,writer,63132,1,False,56Fwriter63132
558,559,69,M,executive,10022,1,False,69Mexecutive10022
559,560,32,M,student,10003,2,False,32Mstudent10003
560,561,23,M,engineer,60005,2,False,23Mengineer60005
561,562,54,F,administrator,20879,2,False,54Fadministrator20879
562,563,39,F,librarian,32707,1,False,39Flibrarian32707
563,564,65,M,retired,94591,1,False,65Mretired94591
564,565,40,M,student,55422,2,False,40Mstudent55422
565,566,20,M,student,14627,2,False,20Mstudent14627
566,567,24,M,entertainment,10003,1,False,24Mentertainment10003
567,568,39,M,educator,01915,1,False,39Meducator01915
568,569,34,M,educator,91903,2,False,34Meducator91903
569,570,26,M,educator,14627,2,False,26Meducator14627
570,571,34,M,artist,01945,1,False,34Martist01945
571,572,51,M,educator,20003,1,True,51Meducator20003
572,573,68,M,retired,48911,1,False,68Mretired48911
573,574,56,M,educator,53188,2,False,56Meducator53188
574,575,33,M,marketing,46032,2,False,33Mmarketing46032
575,576,48,M,executive,98281,2,False,48Mexecutive98281
576,577,36,F,student,77845,1,False,36Fstudent77845
577,578,31,M,administrator,M7A1A,1,False,31MadministratorM7A1A
578,579,32,M,educator,48103,1,False,32Meducator48103
579,580,16,M,student,17961,1,False,16Mstudent17961
580,581,37,M,other,94131,1,False,37Mother94131
581,582,17,M,student,93003,1,False,17Mstudent93003
582,583,44,M,engineer,29631,1,False,44Mengineer29631
583,584,25,M,student,27511,1,False,25Mstudent27511
584,585,69,M,librarian,98501,2,False,69Mlibrarian98501
585,586,20,M,student,79508,2,False,20Mstudent79508
586,587,26,M,other,14216,1,False,26Mother14216
587,588,18,F,student,93063,1,False,18Fstudent93063
588,589,21,M,lawyer,90034,2,False,21Mlawyer90034
589,590,50,M,educator,82435,2,False,50Meducator82435
590,591,57,F,librarian,92093,2,False,57Flibrarian92093
591,592,18,M,student,97520,1,False,18Mstudent97520
592,593,31,F,educator,68767,1,False,31Feducator68767
593,594,46,M,educator,M4J2K,1,False,46MeducatorM4J2K
594,595,25,M,programmer,31909,1,False,25Mprogrammer31909
595,596,20,M,artist,77073,1,False,20Martist77073
596,597,23,M,other,84116,1,False,23Mother84116
597,598,40,F,marketing,43085,2,False,40Fmarketing43085
598,599,22,F,student,R3T5K,2,False,22FstudentR3T5K
599,600,34,M,programmer,02320,1,False,34Mprogrammer02320
600,601,19,F,artist,99687,2,False,19Fartist99687
601,602,47,F,other,34656,2,False,47Fother34656
602,603,21,M,programmer,47905,2,False,21Mprogrammer47905
603,604,39,M,educator,11787,2,False,39Meducator11787
604,605,33,M,engineer,33716,2,False,33Mengineer33716
605,606,28,M,programmer,63044,2,False,28Mprogrammer63044
606,607,49,F,healthcare,02154,1,False,49Fhealthcare02154
607,608,22,M,other,10003,1,False,22Mother10003
608,609,13,F,student,55106,2,False,13Fstudent55106
609,610,22,M,student,21227,2,False,22Mstudent21227
610,611,46,M,librarian,77008,2,False,46Mlibrarian77008
611,612,36,M,educator,79070,1,False,36Meducator79070
612,613,37,F,marketing,29678,1,False,37Fmarketing29678
613,614,54,M,educator,80227,1,False,54Meducator80227
614,615,38,M,educator,27705,2,False,38Meducator27705
615,616,55,M,scientist,50613,2,False,55Mscientist50613
616,617,27,F,writer,11201,1,False,27Fwriter11201
617,618,15,F,student,44212,1,False,15Fstudent44212
618,619,17,M,student,44134,2,False,17Mstudent44134
619,620,18,F,writer,81648,2,False,18Fwriter81648
620,621,17,M,student,60402,2,True,17Mstudent60402
621,622,25,M,programmer,14850,1,False,25Mprogrammer14850
622,623,50,F,educator,60187,2,False,50Feducator60187
623,624,19,M,student,30067,1,False,19Mstudent30067
624,625,27,M,programmer,20723,1,False,27Mprogrammer20723
625,626,23,M,scientist,19807,1,False,23Mscientist19807
626,627,24,M,engineer,08034,2,False,24Mengineer08034
627,628,13,M,none,94306,2,False,13Mnone94306
628,629,46,F,other,44224,1,False,46Fother44224
629,630,26,F,healthcare,55408,1,False,26Fhealthcare55408
630,631,18,F,student,38866,2,False,18Fstudent38866
631,632,18,M,student,55454,2,False,18Mstudent55454
632,633,35,M,programmer,55414,1,False,35Mprogrammer55414
633,634,39,M,engineer,T8H1N,1,False,39MengineerT8H1N
634,635,22,M,other,23237,2,False,22Mother23237
635,636,47,M,educator,48043,2,False,47Meducator48043
636,637,30,M,other,74101,2,False,30Mother74101
637,638,45,M,engineer,01940,1,False,45Mengineer01940
638,639,42,F,librarian,12065,2,False,42Flibrarian12065
639,640,20,M,student,61801,1,False,20Mstudent61801
640,641,24,M,student,60626,1,False,24Mstudent60626
641,642,18,F,student,95521,1,False,18Fstudent95521
642,643,39,M,scientist,55122,1,False,39Mscientist55122
643,644,51,M,retired,63645,2,False,51Mretired63645
644,645,27,M,programmer,53211,1,False,27Mprogrammer53211
645,646,17,F,student,51250,2,False,17Fstudent51250
646,647,40,M,educator,45810,2,False,40Meducator45810
647,648,43,M,engineer,91351,1,False,43Mengineer91351
648,649,20,M,student,39762,2,False,20Mstudent39762
649,650,42,M,engineer,83814,1,False,42Mengineer83814
650,651,65,M,retired,02903,2,False,65Mretired02903
651,652,35,M,other,22911,1,False,35Mother22911
652,653,31,M,executive,55105,2,False,31Mexecutive55105
653,654,27,F,student,78739,1,False,27Fstudent78739
654,655,50,F,healthcare,60657,2,False,50Fhealthcare60657
655,656,48,M,educator,10314,1,False,48Meducator10314
656,657,26,F,none,78704,1,False,26Fnone78704
657,658,33,M,programmer,92626,1,False,33Mprogrammer92626
658,659,31,M,educator,54248,2,False,31Meducator54248
659,660,26,M,student,77380,1,False,26Mstudent77380
660,661,28,M,programmer,98121,2,False,28Mprogrammer98121
661,662,55,M,librarian,19102,1,False,55Mlibrarian19102
662,663,26,M,other,19341,2,False,26Mother19341
663,664,30,M,engineer,94115,1,False,30Mengineer94115
664,665,25,M,administrator,55412,2,False,25Madministrator55412
665,666,44,M,administrator,61820,1,False,44Madministrator61820
666,667,35,M,librarian,01970,1,False,35Mlibrarian01970
667,668,29,F,writer,10016,2,False,29Fwriter10016
668,669,37,M,other,20009,1,False,37Mother20009
669,670,30,M,technician,21114,1,False,30Mtechnician21114
670,671,21,M,programmer,91919,2,False,21Mprogrammer91919
671,672,54,F,administrator,90095,1,False,54Fadministrator90095
672,673,51,M,educator,22906,2,False,51Meducator22906
673,674,13,F,student,55337,2,False,13Fstudent55337
674,675,34,M,other,28814,2,False,34Mother28814
675,676,30,M,programmer,32712,1,False,30Mprogrammer32712
676,677,20,M,other,99835,1,False,20Mother99835
677,678,50,M,educator,61462,2,False,50Meducator61462
678,679,20,F,student,54302,2,False,20Fstudent54302
679,680,33,M,lawyer,90405,2,False,33Mlawyer90405
680,681,44,F,marketing,97208,2,False,44Fmarketing97208
681,682,23,M,programmer,55128,1,False,23Mprogrammer55128
682,683,42,M,librarian,23509,2,False,42Mlibrarian23509
683,684,28,M,student,55414,2,True,28Mstudent55414
684,685,32,F,librarian,55409,1,False,32Flibrarian55409
685,686,32,M,educator,26506,1,False,32Meducator26506
686,687,31,F,healthcare,27713,1,False,31Fhealthcare27713
687,688,37,F,administrator,60476,2,False,37Fadministrator60476
688,689,25,M,other,45439,1,False,25Mother45439
689,690,35,M,salesman,63304,2,False,35Msalesman63304
690,691,34,M,educator,60089,2,False,34Meducator60089
691,692,34,M,engineer,18053,1,False,34Mengineer18053
692,693,43,F,healthcare,85210,1,False,43Fhealthcare85210
693,694,60,M,programmer,06365,1,False,60Mprogrammer06365
694,695,26,M,writer,38115,2,False,26Mwriter38115
695,696,55,M,other,94920,1,False,55Mother94920
696,697,25,M,other,77042,2,False,25Mother77042
697,698,28,F,programmer,06906,1,False,28Fprogrammer06906
698,699,44,M,other,96754,1,False,44Mother96754
699,700,17,M,student,76309,1,False,17Mstudent76309
700,701,51,F,librarian,56321,1,False,51Flibrarian56321
701,702,37,M,other,89104,1,False,37Mother89104
702,703,26,M,educator,49512,1,False,26Meducator49512
703,704,51,F,librarian,91105,2,False,51Flibrarian91105
704,705,21,F,student,54494,1,False,21Fstudent54494
705,706,23,M,student,55454,2,False,23Mstudent55454
706,707,56,F,librarian,19146,2,False,56Flibrarian19146
707,708,26,F,homemaker,96349,1,False,26Fhomemaker96349
708,709,21,M,other,N4T1A,1,False,21MotherN4T1A
709,710,19,M,student,92020,2,False,19Mstudent92020
710,711,22,F,student,15203,2,False,22Fstudent15203
711,712,22,F,student,54901,2,False,22Fstudent54901
712,713,42,F,other,07204,1,False,42Fother07204
713,714,26,M,engineer,55343,2,False,26Mengineer55343
714,715,21,M,technician,91206,1,False,21Mtechnician91206
715,716,36,F,administrator,44265,1,False,36Fadministrator44265
716,717,24,M,technician,84105,1,False,24Mtechnician84105
717,718,42,M,technician,64118,1,False,42Mtechnician64118
718,719,37,F,other,V0R2H,2,False,37FotherV0R2H
719,720,49,F,administrator,16506,1,False,49Fadministrator16506
720,721,24,F,entertainment,11238,2,False,24Fentertainment11238
721,722,50,F,homemaker,17331,1,False,50Fhomemaker17331
722,723,26,M,executive,94403,2,False,26Mexecutive94403
723,724,31,M,executive,40243,2,False,31Mexecutive40243
724,725,21,M,student,91711,1,False,21Mstudent91711
725,726,25,F,administrator,80538,2,False,25Fadministrator80538
726,727,25,M,student,78741,1,False,25Mstudent78741
727,728,58,M,executive,94306,1,False,58Mexecutive94306
728,729,19,M,student,56567,2,False,19Mstudent56567
729,730,31,F,scientist,32114,2,False,31Fscientist32114
730,731,41,F,educator,70403,2,False,41Feducator70403
731,732,28,F,other,98405,2,False,28Fother98405
732,733,44,F,other,60630,1,True,44Fother60630
733,734,25,F,other,63108,1,False,25Fother63108
734,735,29,F,healthcare,85719,2,False,29Fhealthcare85719
735,736,48,F,writer,94618,2,False,48Fwriter94618
736,737,30,M,programmer,98072,2,False,30Mprogrammer98072
737,738,35,M,technician,95403,1,False,35Mtechnician95403
738,739,35,M,technician,73162,2,False,35Mtechnician73162
739,740,25,F,educator,22206,2,False,25Feducator22206
740,741,25,M,writer,63108,1,False,25Mwriter63108
741,742,35,M,student,29210,1,False,35Mstudent29210
742,743,31,M,programmer,92660,1,False,31Mprogrammer92660
743,744,35,M,marketing,47024,2,False,35Mmarketing47024
744,745,42,M,writer,55113,2,False,42Mwriter55113
745,746,25,M,engineer,19047,2,False,25Mengineer19047
746,747,19,M,other,93612,1,False,19Mother93612
747,748,28,M,administrator,94720,2,False,28Madministrator94720
748,749,33,M,other,80919,1,False,33Mother80919
749,750,28,M,administrator,32303,2,False,28Madministrator32303
750,751,24,F,other,90034,1,False,24Fother90034
751,752,60,M,retired,21201,2,False,60Mretired21201
752,753,56,M,salesman,91206,1,False,56Msalesman91206
753,754,59,F,librarian,62901,2,False,59Flibrarian62901
754,755,44,F,educator,97007,1,False,44Feducator97007
755,756,30,F,none,90247,1,False,30Fnone90247
756,757,26,M,student,55104,1,False,26Mstudent55104
757,758,27,M,student,53706,2,False,27Mstudent53706
758,759,20,F,student,68503,2,False,20Fstudent68503
759,760,35,F,other,14211,1,False,35Fother14211
760,761,17,M,student,97302,1,False,17Mstudent97302
761,762,32,M,administrator,95050,1,False,32Madministrator95050
762,763,27,M,scientist,02113,2,False,27Mscientist02113
763,764,27,F,educator,62903,2,False,27Feducator62903
764,765,31,M,student,33066,1,False,31Mstudent33066
765,766,42,M,other,10960,1,False,42Mother10960
766,767,70,M,engineer,00000,1,False,70Mengineer00000
767,768,29,M,administrator,12866,1,False,29Madministrator12866
768,769,39,M,executive,06927,1,False,39Mexecutive06927
769,770,28,M,student,14216,1,False,28Mstudent14216
770,771,26,M,student,15232,2,False,26Mstudent15232
771,772,50,M,writer,27105,1,False,50Mwriter27105
772,773,20,M,student,55414,1,False,20Mstudent55414
773,774,30,M,student,80027,2,False,30Mstudent80027
774,775,46,M,executive,90036,1,False,46Mexecutive90036
775,776,30,M,librarian,51157,1,False,30Mlibrarian51157
776,777,63,M,programmer,01810,1,False,63Mprogrammer01810
777,778,34,M,student,01960,2,False,34Mstudent01960
778,779,31,M,student,K7L5J,1,False,31MstudentK7L5J
779,780,49,M,programmer,94560,2,False,49Mprogrammer94560
780,781,20,M,student,48825,2,False,20Mstudent48825
781,782,21,F,artist,33205,2,False,21Fartist33205
782,783,30,M,marketing,77081,2,False,30Mmarketing77081
783,784,47,M,administrator,91040,2,False,47Madministrator91040
784,785,32,M,engineer,23322,1,False,32Mengineer23322
785,786,36,F,engineer,01754,1,False,36Fengineer01754
786,787,18,F,student,98620,1,False,18Fstudent98620
787,788,51,M,administrator,05779,2,False,51Madministrator05779
788,789,29,M,other,55420,2,False,29Mother55420
789,790,27,M,technician,80913,1,False,27Mtechnician80913
790,791,31,M,educator,20064,2,False,31Meducator20064
791,792,40,M,programmer,12205,2,False,40Mprogrammer12205
792,793,22,M,student,85281,2,False,22Mstudent85281
793,794,32,M,educator,57197,2,False,32Meducator57197
794,795,30,M,programmer,08610,2,False,30Mprogrammer08610
795,796,32,F,writer,33755,2,False,32Fwriter33755
796,797,44,F,other,62522,1,False,44Fother62522
797,798,40,F,writer,64131,2,False,40Fwriter64131
798,799,49,F,administrator,19716,2,False,49Fadministrator19716
799,800,25,M,programmer,55337,1,False,25Mprogrammer55337
800,801,22,M,writer,92154,1,False,22Mwriter92154
801,802,35,M,administrator,34105,2,False,35Madministrator34105
802,803,70,M,administrator,78212,1,False,70Madministrator78212
803,804,39,M,educator,61820,1,False,39Meducator61820
804,805,27,F,other,20009,2,True,27Fother20009
805,806,27,M,marketing,11217,1,False,27Mmarketing11217
806,807,41,F,healthcare,93555,1,False,41Fhealthcare93555
807,808,45,M,salesman,90016,1,False,45Msalesman90016
808,809,50,F,marketing,30803,1,False,50Fmarketing30803
809,810,55,F,other,80526,2,False,55Fother80526
810,811,40,F,educator,73013,1,False,40Feducator73013
811,812,22,M,technician,76234,2,False,22Mtechnician76234
812,813,14,F,student,02136,1,False,14Fstudent02136
813,814,30,M,other,12345,2,False,30Mother12345
814,815,32,M,other,28806,2,False,32Mother28806
815,816,34,M,other,20755,2,False,34Mother20755
816,817,19,M,student,60152,1,False,19Mstudent60152
817,818,28,M,librarian,27514,2,False,28Mlibrarian27514
818,819,59,M,administrator,40205,1,False,59Madministrator40205
819,820,22,M,student,37725,2,False,22Mstudent37725
820,821,37,M,engineer,77845,2,False,37Mengineer77845
821,822,29,F,librarian,53144,1,False,29Flibrarian53144
822,823,27,M,artist,50322,2,False,27Martist50322
823,824,31,M,other,15017,1,False,31Mother15017
824,825,44,M,engineer,05452,2,False,44Mengineer05452
825,826,28,M,artist,77048,1,False,28Martist77048
826,827,23,F,engineer,80228,1,False,23Fengineer80228
827,828,28,M,librarian,85282,2,False,28Mlibrarian85282
828,829,48,M,writer,80209,2,False,48Mwriter80209
829,830,46,M,programmer,53066,2,False,46Mprogrammer53066
830,831,21,M,other,33765,2,False,21Mother33765
831,832,24,M,technician,77042,1,False,24Mtechnician77042
832,833,34,M,writer,90019,1,False,34Mwriter90019
833,834,26,M,other,64153,2,False,26Mother64153
834,835,44,F,executive,11577,2,False,44Fexecutive11577
835,836,44,M,artist,10018,2,False,44Martist10018
836,837,36,F,artist,55409,2,False,36Fartist55409
837,838,23,M,student,01375,1,False,23Mstudent01375
838,839,38,F,entertainment,90814,2,False,38Fentertainment90814
839,840,39,M,artist,55406,2,False,39Martist55406
840,841,45,M,doctor,47401,2,False,45Mdoctor47401
841,842,40,M,writer,93055,1,False,40Mwriter93055
842,843,35,M,librarian,44212,2,False,35Mlibrarian44212
843,844,22,M,engineer,95662,2,False,22Mengineer95662
844,845,64,M,doctor,97405,2,False,64Mdoctor97405
845,846,27,M,lawyer,47130,1,False,27Mlawyer47130
846,847,29,M,student,55417,1,False,29Mstudent55417
847,848,46,M,engineer,02146,2,False,46Mengineer02146
848,849,15,F,student,25652,2,False,15Fstudent25652
849,850,34,M,technician,78390,1,False,34Mtechnician78390
850,851,18,M,other,29646,1,False,18Mother29646
851,852,46,M,administrator,94086,2,False,46Madministrator94086
852,853,49,M,writer,40515,1,False,49Mwriter40515
853,854,29,F,student,55408,1,False,29Fstudent55408
854,855,53,M,librarian,04988,1,False,53Mlibrarian04988
855,856,43,F,marketing,97215,2,False,43Fmarketing97215
856,857,35,F,administrator,V1G4L,1,False,35FadministratorV1G4L
857,858,63,M,educator,09645,2,False,63Meducator09645
858,859,18,F,other,06492,2,False,18Fother06492
859,860,70,F,retired,48322,1,False,70Fretired48322
860,861,38,F,student,14085,1,False,38Fstudent14085
861,862,25,M,executive,13820,1,False,25Mexecutive13820
862,863,17,M,student,60089,2,False,17Mstudent60089
863,864,27,M,programmer,63021,2,False,27Mprogrammer63021
864,865,25,M,artist,11231,1,False,25Martist11231
865,866,45,M,other,60302,1,False,45Mother60302
866,867,24,M,scientist,92507,1,False,24Mscientist92507
867,868,21,M,programmer,55303,2,False,21Mprogrammer55303
868,869,30,M,student,10025,1,False,30Mstudent10025
869,870,22,M,student,65203,2,False,22Mstudent65203
870,871,31,M,executive,44648,1,False,31Mexecutive44648
871,872,19,F,student,74078,1,False,19Fstudent74078
872,873,48,F,administrator,33763,2,False,48Fadministrator33763
873,874,36,M,scientist,37076,1,False,36Mscientist37076
874,875,24,F,student,35802,2,False,24Fstudent35802
875,876,41,M,other,20902,1,False,41Mother20902
876,877,30,M,other,77504,1,False,30Mother77504
877,878,50,F,educator,98027,2,False,50Feducator98027
878,879,33,F,administrator,55337,2,False,33Fadministrator55337
879,880,13,M,student,83702,2,False,13Mstudent83702
880,881,39,M,marketing,43017,2,False,39Mmarketing43017
881,882,35,M,engineer,40503,2,False,35Mengineer40503
882,883,49,M,librarian,50266,2,False,49Mlibrarian50266
883,884,44,M,engineer,55337,2,False,44Mengineer55337
884,885,30,F,other,95316,2,False,30Fother95316
885,886,20,M,student,61820,1,False,20Mstudent61820
886,887,14,F,student,27249,2,False,14Fstudent27249
887,888,41,M,scientist,17036,1,False,41Mscientist17036
888,889,24,M,technician,78704,1,False,24Mtechnician78704
889,890,32,M,student,97301,1,True,32Mstudent97301
890,891,51,F,administrator,03062,2,False,51Fadministrator03062
891,892,36,M,other,45243,1,False,36Mother45243
892,893,25,M,student,95823,2,False,25Mstudent95823
893,894,47,M,educator,74075,1,False,47Meducator74075
894,895,31,F,librarian,32301,1,False,31Flibrarian32301
895,896,28,M,writer,91505,2,False,28Mwriter91505
896,897,30,M,other,33484,2,False,30Mother33484
897,898,23,M,homemaker,61755,2,False,23Mhomemaker61755
898,899,32,M,other,55116,1,False,32Mother55116
899,900,60,M,retired,18505,2,False,60Mretired18505
900,901,38,M,executive,L1V3W,2,False,38MexecutiveL1V3W
901,902,45,F,artist,97203,2,False,45Fartist97203
902,903,28,M,educator,20850,1,False,28Meducator20850
903,904,17,F,student,61073,2,False,17Fstudent61073
904,905,27,M,other,30350,2,False,27Mother30350
905,906,45,M,librarian,70124,1,False,45Mlibrarian70124
906,907,25,F,other,80526,1,False,25Fother80526
907,908,44,F,librarian,68504,2,False,44Flibrarian68504
908,909,50,F,educator,53171,2,False,50Feducator53171
909,910,28,M,healthcare,29301,2,False,28Mhealthcare29301
910,911,37,F,writer,53210,2,False,37Fwriter53210
911,912,51,M,other,06512,1,False,51Mother06512
912,913,27,M,student,76201,2,False,27Mstudent76201
913,914,44,F,other,08105,2,False,44Fother08105
914,915,50,M,entertainment,60614,1,False,50Mentertainment60614
915,916,27,M,engineer,N2L5N,1,False,27MengineerN2L5N
916,917,22,F,student,20006,1,False,22Fstudent20006
917,918,40,M,scientist,70116,2,False,40Mscientist70116
918,919,25,M,other,14216,1,False,25Mother14216
919,920,30,F,artist,90008,2,False,30Fartist90008
920,921,20,F,student,98801,1,False,20Fstudent98801
921,922,29,F,administrator,21114,2,False,29Fadministrator21114
922,923,21,M,student,E2E3R,1,False,21MstudentE2E3R
923,924,29,M,other,11753,2,False,29Mother11753
924,925,18,F,salesman,49036,1,False,18Fsalesman49036
925,926,49,M,entertainment,01701,1,False,49Mentertainment01701
926,927,23,M,programmer,55428,1,False,23Mprogrammer55428
927,928,21,M,student,55408,1,False,21Mstudent55408
928,929,44,M,scientist,53711,1,False,44Mscientist53711
929,930,28,F,scientist,07310,2,False,28Fscientist07310
930,931,60,M,educator,33556,2,False,60Meducator33556
931,932,58,M,educator,06437,2,False,58Meducator06437
932,933,28,M,student,48105,1,False,28Mstudent48105
933,934,61,M,engineer,22902,2,False,61Mengineer22902
934,935,42,M,doctor,66221,1,False,42Mdoctor66221
935,936,24,M,other,32789,1,False,24Mother32789
936,937,48,M,educator,98072,2,False,48Meducator98072
937,938,38,F,technician,55038,1,False,38Ftechnician55038
938,939,26,F,student,33319,1,False,26Fstudent33319
939,940,32,M,administrator,02215,1,False,32Madministrator02215
940,941,20,M,student,97229,2,False,20Mstudent97229
941,942,48,F,librarian,78209,1,False,48Flibrarian78209
942,943,22,M,student,77841,2,False,22Mstudent77841
